<?xml version="1.0" encoding="utf-8"?><feed xmlns="http://www.w3.org/2005/Atom" ><generator uri="https://jekyllrb.com/" version="3.8.5">Jekyll</generator><link href="http://localhost:4444/testWeb/feed.xml" rel="self" type="application/atom+xml" /><link href="http://localhost:4444/testWeb/" rel="alternate" type="text/html" /><updated>2019-04-12T19:06:36+09:00</updated><id>http://localhost:4444/testWeb/feed.xml</id><title type="html">Your awesome title</title><subtitle>Write an awesome description for your new site here. You can edit this line in _config.yml. It will appear in your document head meta (for Google search results) and in your feed.xml site description.</subtitle></feed>